keyword,service,modifier,modifier_type,type
web design Santa Monica,web design,Santa Monica,location,service_page
web design Venice,web design,Venice,location,service_page
web design Culver City,web design,Culver City,location,service_page
web design Beverly Hills,web design,Beverly Hills,location,service_page
web design West LA,web design,West LA,location,service_page
web design Downtown LA,web design,Downtown LA,location,service_page
web design Marina del Rey,web design,Marina del Rey,location,service_page
web design Manhattan Beach,web design,Manhattan Beach,location,service_page
web design Playa Vista,web design,Playa Vista,location,service_page
web design Brentwood,web design,Brentwood,location,service_page
web design Pasadena,web design,Pasadena,location,service_page
web design Long Beach,web design,Long Beach,location,service_page
web development Santa Monica,web development,Santa Monica,location,service_page
web development Venice,web development,Venice,location,service_page
web development Culver City,web development,Culver City,location,service_page
web development Beverly Hills,web development,Beverly Hills,location,service_page
web development West LA,web development,West LA,location,service_page
web development Downtown LA,web development,Downtown LA,location,service_page
web development Marina del Rey,web development,Marina del Rey,location,service_page
web development Manhattan Beach,web development,Manhattan Beach,location,service_page
web development Playa Vista,web development,Playa Vista,location,service_page
web development Brentwood,web development,Brentwood,location,service_page
web development Pasadena,web development,Pasadena,location,service_page
web development Long Beach,web development,Long Beach,location,service_page
UI UX design Santa Monica,UI UX design,Santa Monica,location,service_page
UI UX design Venice,UI UX design,Venice,location,service_page
UI UX design Culver City,UI UX design,Culver City,location,service_page
UI UX design Beverly Hills,UI UX design,Beverly Hills,location,service_page
UI UX design West LA,UI UX design,West LA,location,service_page
UI UX design Downtown LA,UI UX design,Downtown LA,location,service_page
UI UX design Marina del Rey,UI UX design,Marina del Rey,location,service_page
UI UX design Manhattan Beach,UI UX design,Manhattan Beach,location,service_page
UI UX design Playa Vista,UI UX design,Playa Vista,location,service_page
UI UX design Brentwood,UI UX design,Brentwood,location,service_page
UI UX design Pasadena,UI UX design,Pasadena,location,service_page
UI UX design Long Beach,UI UX design,Long Beach,location,service_page
mobile app design Santa Monica,mobile app design,Santa Monica,location,service_page
mobile app design Venice,mobile app design,Venice,location,service_page
mobile app design Culver City,mobile app design,Culver City,location,service_page
mobile app design Beverly Hills,mobile app design,Beverly Hills,location,service_page
mobile app design West LA,mobile app design,West LA,location,service_page
mobile app design Downtown LA,mobile app design,Downtown LA,location,service_page
mobile app design Marina del Rey,mobile app design,Marina del Rey,location,service_page
mobile app design Manhattan Beach,mobile app design,Manhattan Beach,location,service_page
mobile app design Playa Vista,mobile app design,Playa Vista,location,service_page
mobile app design Brentwood,mobile app design,Brentwood,location,service_page
mobile app design Pasadena,mobile app design,Pasadena,location,service_page
mobile app design Long Beach,mobile app design,Long Beach,location,service_page
branding and logo design Santa Monica,branding and logo design,Santa Monica,location,service_page
branding and logo design Venice,branding and logo design,Venice,location,service_page
branding and logo design Culver City,branding and logo design,Culver City,location,service_page
branding and logo design Beverly Hills,branding and logo design,Beverly Hills,location,service_page
branding and logo design West LA,branding and logo design,West LA,location,service_page
branding and logo design Downtown LA,branding and logo design,Downtown LA,location,service_page
branding and logo design Marina del Rey,branding and logo design,Marina del Rey,location,service_page
branding and logo design Manhattan Beach,branding and logo design,Manhattan Beach,location,service_page
branding and logo design Playa Vista,branding and logo design,Playa Vista,location,service_page
branding and logo design Brentwood,branding and logo design,Brentwood,location,service_page
branding and logo design Pasadena,branding and logo design,Pasadena,location,service_page
branding and logo design Long Beach,branding and logo design,Long Beach,location,service_page
ecommerce web design Santa Monica,ecommerce web design,Santa Monica,location,service_page
ecommerce web design Venice,ecommerce web design,Venice,location,service_page
ecommerce web design Culver City,ecommerce web design,Culver City,location,service_page
ecommerce web design Beverly Hills,ecommerce web design,Beverly Hills,location,service_page
ecommerce web design West LA,ecommerce web design,West LA,location,service_page
ecommerce web design Downtown LA,ecommerce web design,Downtown LA,location,service_page
ecommerce web design Marina del Rey,ecommerce web design,Marina del Rey,location,service_page
ecommerce web design Manhattan Beach,ecommerce web design,Manhattan Beach,location,service_page
ecommerce web design Playa Vista,ecommerce web design,Playa Vista,location,service_page
ecommerce web design Brentwood,ecommerce web design,Brentwood,location,service_page
ecommerce web design Pasadena,ecommerce web design,Pasadena,location,service_page
ecommerce web design Long Beach,ecommerce web design,Long Beach,location,service_page
website redesign Santa Monica,website redesign,Santa Monica,location,service_page
website redesign Venice,website redesign,Venice,location,service_page
website redesign Culver City,website redesign,Culver City,location,service_page
website redesign Beverly Hills,website redesign,Beverly Hills,location,service_page
website redesign West LA,website redesign,West LA,location,service_page
website redesign Downtown LA,website redesign,Downtown LA,location,service_page
website redesign Marina del Rey,website redesign,Marina del Rey,location,service_page
website redesign Manhattan Beach,website redesign,Manhattan Beach,location,service_page
website redesign Playa Vista,website redesign,Playa Vista,location,service_page
website redesign Brentwood,website redesign,Brentwood,location,service_page
website redesign Pasadena,website redesign,Pasadena,location,service_page
website redesign Long Beach,website redesign,Long Beach,location,service_page
web design for law firms,web design,law firms,industry,service_page
web design for real estate agents,web design,real estate agents,industry,service_page
web design for healthcare providers,web design,healthcare providers,industry,service_page
web design for construction companies,web design,construction companies,industry,service_page
web design for auto shops,web design,auto shops,industry,service_page
web design for fitness studios,web design,fitness studios,industry,service_page
web design for salons and spas,web design,salons and spas,industry,service_page
web design for consultants,web design,consultants,industry,service_page
web design for nonprofits,web design,nonprofits,industry,service_page
web design for financial advisors,web design,financial advisors,industry,service_page
web design for architects,web design,architects,industry,service_page
web design for photographers,web design,photographers,industry,service_page